名称,基准,类型,保存值
圆1,NA,Circle,"1.47895,129.992,0.000151746,0.0003592,0.000392844,1,6"
圆2,NA,Circle,"-3.63798e-12,-1.7053e-13,0,0.0003592,0.000392844,1,6"
圆3,NA,Circle,"1593.75,35.7375,-0.000816271,0.0003592,0.000392844,1,6"
圆4,NA,Circle,"3884.88,15.8101,-0.000633462,0.0003592,0.000392844,1,6"
圆5,NA,Circle,"5521.6,-0.00266219,-0.000741963,0.0003592,0.000392844,1,6"
圆2-面2距离,NA,Distance,NA
点3,NA,Point,"44.677,205.025,1.108,0.028,0.994,-0.109"
点4,NA,Point,"50.720,212.900,78.161,0.028,0.995,-0.098"
点5,NA,Point,"94.188,207.232,34.561,0.028,0.994,-0.104"
点6,NA,Point,"133.342,210.195,74.265,0.028,0.995,-0.098"
点7,NA,Point,"158.986,200.156,-14.192,0.028,0.994,-0.110"
点8,NA,Point,"202.425,207.385,65.598,0.028,0.995,-0.100"
点9,NA,Point,"205.365,198.710,-22.792,0.002,0.995,-0.097"
点10,NA,Point,"251.614,204.879,44.386,0.003,0.996,-0.088"
点11,NA,Point,"293.166,198.508,-22.498,0.011,0.995,-0.102"
点12,NA,Point,"308.344,204.084,37.131,0.003,0.996,-0.090"
点13,NA,Point,"360.477,196.778,-22.025,0.027,0.994,-0.109"
点14,NA,Point,"364.138,202.767,34.772,0.027,0.994,-0.104"
点15,NA,Point,"451.220,194.469,-20.549,0.027,0.994,-0.109"
点16,NA,Point,"454.638,200.648,38.349,0.027,0.994,-0.102"
点17,NA,Point,"506.556,195.942,7.024,0.027,0.994,-0.105"
点18,NA,Point,"562.281,191.660,-18.701,0.027,0.994,-0.107"
点19,NA,Point,"562.757,197.557,37.104,0.027,0.994,-0.103"
点20,NA,Point,"669.770,188.709,-19.212,0.027,0.994,-0.106"
点21,NA,Point,"666.079,194.458,34.282,0.027,0.994,-0.102"
点22,NA,Point,"720.185,190.168,7.152,0.027,0.994,-0.104"
点23,NA,Point,"773.072,185.721,-21.348,0.027,0.994,-0.106"
点24,NA,Point,"769.864,191.976,37.409,0.027,0.994,-0.102"
点25,NA,Point,"866.669,183.165,-21.996,0.026,0.994,-0.106"
点26,NA,Point,"864.101,189.235,35.369,0.027,0.994,-0.102"
点27,NA,Point,"915.802,184.793,5.785,0.027,0.994,-0.104"
点28,NA,Point,"960.217,180.836,-20.634,0.026,0.994,-0.105"
点29,NA,Point,"958.246,186.923,37.333,0.026,0.994,-0.102"
点30,NA,Point,"1041.870,178.024,-26.902,0.026,0.994,-0.106"
点31,NA,Point,"1038.006,184.522,34.546,0.026,0.994,-0.101"
点32,NA,Point,"1121.786,174.942,-36.336,0.026,0.994,-0.105"
点33,NA,Point,"1117.907,178.848,-0.120,0.026,0.994,-0.104"
点34,NA,Point,"1112.228,182.731,36.217,0.026,0.995,-0.101"
点35,NA,Point,"1208.011,174.317,-21.007,0.026,0.994,-0.104"
点36,NA,Point,"1199.483,180.583,37.631,0.026,0.995,-0.101"
点37,NA,Point,"1286.244,172.187,-22.002,0.026,0.994,-0.103"
点38,NA,Point,"1273.635,178.523,36.412,0.026,0.995,-0.101"
点39,NA,Point,"1320.595,174.313,7.105,0.026,0.994,-0.102"
点40,NA,Point,"1364.475,170.072,-22.994,0.026,0.994,-0.104"
点41,NA,Point,"1357.555,175.965,32.687,0.026,0.995,-0.100"
点42,NA,Point,"1453.813,168.286,-18.168,0.025,0.994,-0.103"
点43,NA,Point,"1444.097,173.048,25.934,0.026,0.995,-0.100"
点44,NA,Point,"1497.264,169.281,2.309,0.025,0.995,-0.102"
点45,NA,Point,"1535.141,165.971,-20.528,0.025,0.994,-0.102"
点46,NA,Point,"1530.550,170.549,23.138,0.026,0.995,-0.100"
点47,NA,Point,"1627.294,162.957,-27.181,0.025,0.994,-0.102"
点48,NA,Point,"1622.575,168.103,22.112,0.025,0.995,-0.100"
点49,NA,Point,"1712.274,160.210,-33.219,0.025,0.994,-0.102"
点50,NA,Point,"1703.830,166.090,22.562,0.025,0.995,-0.100"
点51,NA,Point,"1746.858,162.755,0.285,0.025,0.995,-0.101"
点52,NA,Point,"1798.425,159.038,-23.611,0.025,0.995,-0.101"
点53,NA,Point,"1794.776,163.931,23.890,0.025,0.995,-0.100"
点54,NA,Point,"1891.859,157.113,-19.672,0.025,0.995,-0.100"
点55,NA,Point,"1888.305,161.592,23.881,0.025,0.995,-0.099"
点56,NA,Point,"1943.845,157.546,-2.670,0.025,0.995,-0.100"
点57,NA,Point,"1989.071,154.228,-24.470,0.024,0.995,-0.100"
点58,NA,Point,"1983.380,159.160,23.188,0.025,0.995,-0.099"
点59,NA,Point,"2082.540,152.164,-22.205,0.024,0.995,-0.100"
点60,NA,Point,"2077.903,156.929,24.237,0.024,0.995,-0.099"
点61,NA,Point,"2181.666,149.812,-21.531,0.024,0.995,-0.100"
点62,NA,Point,"2177.082,154.336,22.652,0.024,0.995,-0.099"
点63,NA,Point,"2233.012,150.442,-2.733,0.024,0.995,-0.099"
点64,NA,Point,"2303.472,152.016,22.736,0.024,0.995,-0.099"
点65,NA,Point,"2305.770,147.365,-23.447,0.024,0.995,-0.099"
点66,NA,Point,"2395.975,149.613,21.163,0.024,0.995,-0.099"
点67,NA,Point,"2403.780,145.344,-19.987,0.024,0.995,-0.099"
点68,NA,Point,"2454.917,146.000,-0.987,0.024,0.995,-0.098"
点69,NA,Point,"2500.323,147.043,20.658,0.024,0.995,-0.098"
点70,NA,Point,"2510.645,142.637,-21.383,0.024,0.995,-0.099"
点71,NA,Point,"2610.866,144.556,22.386,0.024,0.995,-0.098"
点72,NA,Point,"2621.230,139.958,-21.719,0.024,0.995,-0.099"
点73,NA,Point,"2674.415,140.927,0.974,0.024,0.995,-0.098"
点74,NA,Point,"2734.596,141.450,20.949,0.024,0.995,-0.097"
点75,NA,Point,"2745.524,137.113,-20.448,0.024,0.995,-0.098"
点76,NA,Point,"2885.790,137.805,20.651,0.024,0.995,-0.097"
点77,NA,Point,"2891.738,133.504,-21.697,0.024,0.995,-0.098"
点78,NA,Point,"2959.826,133.894,-1.214,0.024,0.995,-0.097"
点79,NA,Point,"3034.526,134.037,18.488,0.024,0.995,-0.097"
点80,NA,Point,"3040.239,130.097,-20.363,0.024,0.995,-0.098"
点81,NA,Point,"3152.861,131.698,23.524,0.024,0.995,-0.097"
点82,NA,Point,"3159.578,128.428,-8.355,0.024,0.995,-0.097"
点83,NA,Point,"3162.163,125.818,-34.399,0.024,0.995,-0.097"
点84,NA,Point,"3274.961,128.853,24.316,0.024,0.995,-0.097"
点85,NA,Point,"3277.974,124.371,-20.988,0.024,0.995,-0.097"
点86,NA,Point,"3393.600,125.905,23.196,0.024,0.995,-0.097"
点87,NA,Point,"3399.092,121.465,-21.211,0.024,0.995,-0.096"
点88,NA,Point,"3447.467,122.551,1.785,0.024,0.995,-0.097"
点89,NA,Point,"3499.690,123.416,23.672,0.024,0.995,-0.096"
点90,NA,Point,"3503.725,118.818,-22.807,0.024,0.995,-0.096"
点91,NA,Point,"3610.804,120.712,23.175,0.024,0.995,-0.096"
点92,NA,Point,"3613.333,116.172,-23.172,0.024,0.995,-0.096"
点93,NA,Point,"3670.433,116.844,-2.176,0.024,0.995,-0.096"
点94,NA,Point,"3726.896,118.004,23.908,0.024,0.995,-0.096"
点95,NA,Point,"3730.878,113.645,-20.358,0.024,0.995,-0.096"
点96,NA,Point,"3855.534,114.843,23.046,0.024,0.995,-0.095"
点97,NA,Point,"3857.483,110.670,-19.947,0.024,0.995,-0.096"
点98,NA,Point,"3911.780,111.458,1.667,0.024,0.995,-0.096"
点99,NA,Point,"3967.161,112.072,21.957,0.024,0.995,-0.095"
点100,NA,Point,"3967.628,107.849,-22.007,0.024,0.995,-0.096"
点101,NA,Point,"4072.416,109.541,21.802,0.024,0.995,-0.095"
点102,NA,Point,"4075.185,105.226,-22.651,0.024,0.995,-0.095"
点103,NA,Point,"4146.505,106.323,-1.332,0.024,0.995,-0.095"
点104,NA,Point,"4180.991,107.727,22.092,0.024,0.995,-0.094"
点105,NA,Point,"4185.231,103.396,-22.306,0.024,0.995,-0.095"
点106,NA,Point,"4307.915,104.419,19.201,0.024,0.995,-0.094"
点107,NA,Point,"4312.541,100.551,-20.374,0.024,0.995,-0.095"
点108,NA,Point,"4370.627,101.217,1.218,0.024,0.995,-0.094"
点109,NA,Point,"4422.155,102.165,24.309,0.024,0.995,-0.094"
点110,NA,Point,"4431.734,97.345,-24.253,0.024,0.995,-0.094"
点111,NA,Point,"4542.021,99.240,23.699,0.024,0.995,-0.093"
点112,NA,Point,"4544.039,96.512,-4.801,0.024,0.995,-0.094"
点113,NA,Point,"4542.241,93.895,-32.949,0.024,0.995,-0.094"
点114,NA,Point,"4643.259,96.893,24.533,0.024,0.995,-0.093"
点115,NA,Point,"4651.374,92.299,-22.336,0.024,0.995,-0.094"
点116,NA,Point,"4749.801,94.288,23.945,0.024,0.995,-0.093"
点117,NA,Point,"4759.360,89.568,-24.075,0.024,0.995,-0.093"
点118,NA,Point,"4808.464,90.431,-2.391,0.024,0.995,-0.093"
点119,NA,Point,"4848.293,91.889,23.510,0.024,0.995,-0.092"
点120,NA,Point,"4859.690,87.369,-22.063,0.024,0.995,-0.093"
点121,NA,Point,"4940.122,89.797,24.665,0.024,0.996,-0.092"
点122,NA,Point,"4947.268,85.330,-21.585,0.024,0.995,-0.093"
点123,NA,Point,"4992.659,86.057,-2.173,0.024,0.995,-0.092"
点124,NA,Point,"5029.642,87.491,22.900,0.024,0.996,-0.091"
点125,NA,Point,"5040.063,83.126,-21.543,0.024,0.995,-0.093"
点126,NA,Point,"5126.709,85.137,22.578,0.024,0.996,-0.091"
点127,NA,Point,"5134.788,80.718,-23.220,0.024,0.995,-0.092"
点128,NA,Point,"5170.730,82.038,0.319,0.024,0.996,-0.092"
点129,NA,Point,"5219.994,82.855,22.060,0.024,0.996,-0.091"
点130,NA,Point,"5228.489,78.679,-21.173,0.024,0.996,-0.092"
点131,NA,Point,"5314.680,80.624,22.458,0.024,0.996,-0.090"
点132,NA,Point,"5322.741,76.289,-22.805,0.024,0.996,-0.091"
点133,NA,Point,"5359.478,77.361,-1.570,0.024,0.996,-0.091"
点134,NA,Point,"5407.461,78.450,23.002,0.024,0.996,-0.090"
点135,NA,Point,"5415.034,74.196,-21.695,0.024,0.996,-0.091"
点136,NA,Point,"5509.247,76.039,23.321,0.024,0.996,-0.089"
点137,NA,Point,"5517.796,71.634,-23.006,0.024,0.996,-0.090"
点138,NA,Point,"5574.011,72.417,0.357,0.024,0.996,-0.090"
点139,NA,Point,"5621.435,73.439,24.323,0.024,0.996,-0.089"
点140,NA,Point,"5628.104,69.025,-22.874,0.024,0.996,-0.090"
点141,NA,Point,"5734.606,70.671,23.697,0.024,0.996,-0.088"
点142,NA,Point,"5739.354,66.432,-22.293,0.024,0.996,-0.090"
点143,NA,Point,"5789.628,66.995,-2.727,0.024,0.996,-0.090"
点144,NA,Point,"5833.570,68.256,23.216,0.024,0.996,-0.088"
点145,NA,Point,"5839.703,64.135,-21.327,0.024,0.996,-0.089"
点146,NA,Point,"5940.166,65.617,22.280,0.024,0.996,-0.087"
点147,NA,Point,"5947.767,61.769,-19.057,0.024,0.996,-0.088"
点148,NA,Point,"6004.479,62.325,2.413,0.024,0.996,-0.089"
点149,NA,Point,"6051.712,62.978,22.703,0.024,0.996,-0.087"
点150,NA,Point,"6054.881,58.983,-21.758,0.024,0.996,-0.088"
点151,NA,Point,"6157.519,60.276,20.802,0.024,0.996,-0.087"
点152,NA,Point,"6163.778,56.640,-18.998,0.024,0.996,-0.087"
点153,NA,Point,"6226.378,56.698,-1.331,0.024,0.996,-0.087"
点154,NA,Point,"6279.410,57.313,20.361,0.024,0.996,-0.086"
点155,NA,Point,"6282.432,53.808,-19.157,0.024,0.996,-0.086"
点156,NA,Point,"6395.500,54.471,19.702,0.024,0.996,-0.085"
点157,NA,Point,"6406.195,50.997,-17.647,0.024,0.996,-0.086"
点158,NA,Point,"6452.071,51.517,1.050,0.024,0.996,-0.086"
点159,NA,Point,"6512.844,51.709,20.334,0.024,0.996,-0.084"
点160,NA,Point,"6521.726,47.900,-21.759,0.024,0.996,-0.085"
点161,NA,Point,"6629.541,48.965,21.019,0.024,0.996,-0.083"
点162,NA,Point,"6633.747,45.334,-20.680,0.024,0.996,-0.085"
点163,NA,Point,"6720.404,46.550,18.242,0.024,0.996,-0.083"
点164,NA,Point,"6695.842,44.299,-15.471,0.024,0.996,-0.084"
点165,NA,Point,"6715.305,-67.410,21.647,0.006,-0.997,-0.079"
点166,NA,Point,"6693.108,-64.002,-19.513,0.006,-0.996,-0.093"
点167,NA,Point,"6647.841,-66.176,1.849,0.006,-0.996,-0.085"
点168,NA,Point,"6579.195,-64.809,-18.220,0.006,-0.996,-0.091"
点169,NA,Point,"6585.693,-68.200,22.201,0.006,-0.997,-0.078"
点170,NA,Point,"6455.711,-65.576,-17.951,0.006,-0.996,-0.090"
点171,NA,Point,"6461.620,-68.927,22.348,0.006,-0.997,-0.077"
点172,NA,Point,"6411.142,-67.649,2.807,0.006,-0.997,-0.083"
点173,NA,Point,"6312.702,-66.143,-21.203,0.006,-0.996,-0.090"
点174,NA,Point,"6313.138,-69.836,23.010,0.006,-0.997,-0.076"
点175,NA,Point,"6188.690,-68.900,2.131,0.006,-0.997,-0.082"
点176,NA,Point,"6146.638,-67.174,-20.868,0.006,-0.996,-0.089"
点177,NA,Point,"6146.379,-70.867,23.897,0.006,-0.997,-0.076"
点178,NA,Point,"5969.081,-68.583,-16.980,0.006,-0.996,-0.087"
点179,NA,Point,"5970.536,-71.935,24.559,0.006,-0.997,-0.075"
点180,NA,Point,"5910.700,-70.579,2.678,0.006,-0.997,-0.080"
点181,NA,Point,"5804.250,-69.253,-20.629,0.006,-0.996,-0.087"
点182,NA,Point,"5806.294,-72.622,21.015,0.006,-0.997,-0.075"
点183,NA,Point,"5651.624,-70.164,-20.694,0.006,-0.996,-0.086"
点184,NA,Point,"5643.571,-73.740,23.324,0.006,-0.997,-0.074"
点185,NA,Point,"5580.290,-72.321,0.136,0.006,-0.997,-0.080"
点186,NA,Point,"5512.545,-70.901,-21.825,0.006,-0.996,-0.085"
点187,NA,Point,"5515.250,-74.493,23.411,0.006,-0.997,-0.074"
点188,NA,Point,"5389.656,-71.670,-21.452,0.006,-0.996,-0.085"
点189,NA,Point,"5390.690,-75.172,22.775,0.006,-0.997,-0.073"
点190,NA,Point,"5325.836,-73.646,-2.091,0.006,-0.997,-0.079"
点191,NA,Point,"5242.088,-72.532,-19.486,0.006,-0.997,-0.083"
点192,NA,Point,"5246.944,-75.819,22.748,0.006,-0.997,-0.073"
点193,NA,Point,"5122.032,-73.154,-20.636,0.006,-0.996,-0.084"
点194,NA,Point,"5138.494,-76.518,23.657,0.006,-0.997,-0.073"
点195,NA,Point,"5070.338,-75.319,2.397,0.006,-0.997,-0.077"
点196,NA,Point,"4995.007,-73.760,-22.489,0.006,-0.997,-0.083"
点197,NA,Point,"5002.669,-77.180,21.861,0.006,-0.997,-0.073"
点198,NA,Point,"4840.641,-74.659,-22.793,0.006,-0.997,-0.083"
点199,NA,Point,"4858.540,-77.922,20.476,0.006,-0.997,-0.072"
点200,NA,Point,"4776.760,-76.987,1.565,0.006,-0.997,-0.077"
点201,NA,Point,"4709.684,-75.634,-20.484,0.006,-0.997,-0.081"
点202,NA,Point,"4717.068,-78.844,21.779,0.006,-0.997,-0.072"
点203,NA,Point,"4571.262,-75.786,-28.681,0.006,-0.997,-0.083"
点204,NA,Point,"4544.438,-78.159,-1.025,0.006,-0.997,-0.077"
点205,NA,Point,"4556.379,-79.865,22.896,0.006,-0.997,-0.071"
点206,NA,Point,"4387.443,-77.666,-19.122,0.006,-0.997,-0.080"
点207,NA,Point,"4386.651,-80.759,21.537,0.006,-0.997,-0.072"
点208,NA,Point,"4284.924,-79.837,0.894,0.006,-0.997,-0.075"
点209,NA,Point,"4219.584,-78.769,-17.849,0.006,-0.997,-0.079"
点210,NA,Point,"4238.804,-81.734,23.059,0.006,-0.997,-0.071"
点211,NA,Point,"4056.325,-79.684,-18.587,0.006,-0.997,-0.079"
点212,NA,Point,"4065.614,-82.458,18.941,0.006,-0.997,-0.071"
点213,NA,Point,"3986.463,-81.838,4.067,0.006,-0.997,-0.075"
点214,NA,Point,"3882.480,-80.519,-21.149,0.006,-0.997,-0.079"
点215,NA,Point,"3905.733,-83.482,20.135,0.006,-0.998,-0.070"
点216,NA,Point,"3726.311,-81.765,-17.121,0.006,-0.997,-0.078"
点217,NA,Point,"3725.787,-84.451,18.898,0.006,-0.997,-0.072"
点218,NA,Point,"3640.455,-83.592,0.138,0.006,-0.997,-0.074"
点219,NA,Point,"3522.328,-81.909,-21.228,0.006,-0.997,-0.077"
点220,NA,Point,"3528.206,-84.936,19.990,0.006,-0.997,-0.070"
点221,NA,Point,"3364.920,-82.814,-21.680,0.006,-0.997,-0.077"
点222,NA,Point,"3388.783,-85.844,21.227,0.006,-0.998,-0.070"
点223,NA,Point,"3306.540,-85.118,4.270,0.006,-0.997,-0.073"
点224,NA,Point,"3204.335,-83.174,-29.330,0.006,-0.997,-0.078"
点225,NA,Point,"3230.188,-86.782,21.281,0.006,-0.998,-0.070"
点226,NA,Point,"3166.317,-85.379,-3.490,0.006,-0.997,-0.073"
点227,NA,Point,"3065.674,-84.693,-20.502,0.006,-0.997,-0.076"
点228,NA,Point,"3095.226,-87.779,24.181,0.006,-0.998,-0.068"
点229,NA,Point,"2914.967,-85.513,-21.575,0.006,-0.997,-0.076"
点230,NA,Point,"2924.847,-88.711,23.124,0.006,-0.998,-0.069"
点231,NA,Point,"2849.135,-87.317,-2.801,0.006,-0.997,-0.071"
点232,NA,Point,"2767.614,-86.530,-19.823,0.006,-0.997,-0.075"
点233,NA,Point,"2777.244,-89.532,22.348,0.006,-0.998,-0.069"
点234,NA,Point,"2630.435,-87.277,-20.873,0.006,-0.997,-0.075"
点235,NA,Point,"2644.905,-90.193,20.504,0.006,-0.998,-0.069"
点236,NA,Point,"2556.482,-89.424,2.113,0.006,-0.997,-0.071"
点237,NA,Point,"2478.560,-88.162,-21.419,0.006,-0.997,-0.075"
点238,NA,Point,"2487.124,-91.282,22.521,0.006,-0.998,-0.068"
点239,NA,Point,"2353.302,-89.038,-20.086,0.006,-0.997,-0.073"
点240,NA,Point,"2361.119,-92.056,22.530,0.006,-0.998,-0.068"
点241,NA,Point,"2294.127,-90.886,-0.086,0.006,-0.997,-0.072"
点242,NA,Point,"2210.203,-89.047,-21.977,0.006,-0.997,-0.077"
点243,NA,Point,"2219.384,-92.156,22.018,0.006,-0.998,-0.067"
点244,NA,Point,"2048.770,-90.174,-20.905,0.006,-0.997,-0.077"
点245,NA,Point,"2055.667,-93.136,20.954,0.006,-0.998,-0.067"
点246,NA,Point,"1971.122,-92.258,0.521,0.007,-0.998,-0.070"
点247,NA,Point,"1883.122,-91.246,-21.269,0.007,-0.997,-0.076"
点248,NA,Point,"1891.590,-94.303,22.178,0.007,-0.998,-0.067"
点249,NA,Point,"1725.873,-91.646,-30.260,0.007,-0.997,-0.076"
点250,NA,Point,"1713.894,-95.518,22.123,0.007,-0.998,-0.067"
点251,NA,Point,"1674.288,-93.850,-5.434,0.007,-0.997,-0.073"
点252,NA,Point,"1576.747,-93.342,-21.824,0.007,-0.997,-0.075"
点253,NA,Point,"1585.349,-96.490,23.075,0.007,-0.998,-0.067"
点254,NA,Point,"1428.351,-94.520,-20.548,0.007,-0.997,-0.074"
点255,NA,Point,"1441.387,-97.743,26.205,0.007,-0.998,-0.067"
点256,NA,Point,"1352.946,-97.071,6.918,0.007,-0.997,-0.070"
点257,NA,Point,"1259.316,-95.850,-19.746,0.008,-0.997,-0.074"
点258,NA,Point,"1277.196,-99.442,33.222,0.008,-0.998,-0.067"
点259,NA,Point,"1089.291,-95.914,-36.400,0.008,-0.997,-0.077"
点260,NA,Point,"1106.478,-98.573,1.384,0.008,-0.998,-0.070"
点261,NA,Point,"1124.797,-100.867,37.030,0.008,-0.998,-0.065"
点262,NA,Point,"982.101,-97.926,-21.094,0.008,-0.997,-0.074"
点263,NA,Point,"1007.421,-101.691,35.454,0.008,-0.998,-0.065"
点264,NA,Point,"831.475,-99.129,-21.414,0.008,-0.997,-0.074"
点265,NA,Point,"839.595,-102.922,33.534,0.008,-0.998,-0.067"
点266,NA,Point,"752.024,-101.634,4.091,0.008,-0.998,-0.070"
点267,NA,Point,"668.453,-100.756,-17.825,0.008,-0.997,-0.074"
点268,NA,Point,"690.034,-104.389,36.916,0.008,-0.998,-0.065"
点269,NA,Point,"546.031,-101.602,-20.553,0.009,-0.997,-0.073"
点270,NA,Point,"549.196,-105.437,34.648,0.009,-0.998,-0.066"
点271,NA,Point,"479.121,-104.186,7.292,0.009,-0.998,-0.070"
点272,NA,Point,"402.607,-102.881,-20.179,0.009,-0.997,-0.073"
点273,NA,Point,"432.138,-106.544,36.024,0.009,-0.998,-0.066"
点274,NA,Point,"288.008,-103.828,-21.176,0.009,-0.997,-0.073"
点275,NA,Point,"300.007,-107.857,38.215,0.009,-0.998,-0.065"
点276,NA,Point,"252.431,-103.804,-25.217,-0.005,-0.998,-0.067"
点277,NA,Point,"230.054,-107.458,45.819,-0.016,-0.999,-0.051"
点278,NA,Point,"162.786,-102.726,-19.707,-0.016,-0.998,-0.061"
点279,NA,Point,"113.660,-103.082,-11.857,0.009,-0.997,-0.072"
点280,NA,Point,"137.009,-108.132,66.953,0.009,-0.998,-0.061"
点281,NA,Point,"65.855,-106.611,32.642,0.009,-0.998,-0.066"
点282,NA,Point,"8.262,-105.003,1.278,0.009,-0.998,-0.070"
点283,NA,Point,"12.237,-109.803,75.518,0.009,-0.998,-0.059"
点284,NA,Point,"279.095,-31.417,3.550,0.000,-0.000,1.000"
点285,NA,Point,"287.159,130.199,3.550,0.000,-0.000,1.000"
点286,NA,Point,"430.056,-29.214,3.550,0.000,-0.000,1.000"
点287,NA,Point,"435.448,123.075,3.550,0.000,-0.000,1.000"
点288,NA,Point,"1382.163,-40.071,3.550,0.000,-0.000,1.000"
点289,NA,Point,"1401.042,111.083,3.550,0.000,-0.000,1.000"
点290,NA,Point,"1565.089,-58.088,3.550,0.000,-0.000,1.000"
点291,NA,Point,"1565.347,127.698,3.550,0.000,-0.000,1.000"
点292,NA,Point,"2067.100,-45.565,3.550,0.000,-0.000,1.000"
点293,NA,Point,"2054.109,119.879,3.550,0.000,-0.000,1.000"
点294,NA,Point,"2523.597,-58.816,3.550,0.000,-0.000,1.000"
点295,NA,Point,"2590.858,109.995,3.550,0.000,-0.000,1.000"
点296,NA,Point,"2971.772,-42.864,2.840,0.000,-0.000,1.000"
点297,NA,Point,"2978.412,100.722,2.840,0.000,-0.000,1.000"
点298,NA,Point,"3371.596,-58.588,2.840,0.000,-0.000,1.000"
点299,NA,Point,"3376.963,98.220,2.840,0.000,-0.000,1.000"
点300,NA,Point,"3788.653,-59.652,2.840,0.000,-0.000,1.000"
点301,NA,Point,"3788.867,88.406,2.840,0.000,-0.000,1.000"
点302,NA,Point,"4323.560,-50.009,2.840,0.000,-0.000,1.000"
点303,NA,Point,"4328.933,77.994,2.840,0.000,-0.000,1.000"
点304,NA,Point,"4924.375,-50.609,2.070,0.000,-0.000,1.000"
点305,NA,Point,"4922.761,62.754,2.070,0.000,-0.000,1.000"
点306,NA,Point,"5577.311,-52.292,2.070,0.000,-0.000,1.000"
点307,NA,Point,"5575.208,46.657,2.070,0.000,-0.000,1.000"
点308,NA,Point,"5714.884,-47.209,2.070,0.000,-0.000,1.000"
点309,NA,Point,"5737.590,43.706,2.070,0.000,-0.000,1.000"
点310,NA,Point,"6310.873,-49.902,2.069,0.000,-0.000,1.000"
点311,NA,Point,"6316.100,38.254,2.069,0.000,-0.000,1.000"
点312,NA,Point,"6.084,-105.939,84.435,-0.520,0.068,0.851"
点313,NA,Point,"27.840,-105.758,87.000,0.000,-0.000,1.000"
点314,NA,Point,"86.144,-105.534,87.000,0.000,-0.000,1.000"
点315,NA,Point,"123.262,-105.988,84.815,0.198,-0.027,0.980"
点316,NA,Point,"149.720,-104.400,76.939,0.306,-0.040,0.951"
点317,NA,Point,"209.930,-102.825,57.608,0.306,-0.040,0.951"
点318,NA,Point,"258.383,-102.595,45.708,0.093,-0.012,0.996"
点319,NA,Point,"296.875,-103.834,45.000,0.000,-0.000,1.000"
点320,NA,Point,"455.970,-103.098,45.000,0.000,-0.000,1.000"
点321,NA,Point,"666.684,-100.700,45.000,0.000,-0.000,1.000"
点322,NA,Point,"1017.605,-98.036,45.000,0.000,-0.000,1.000"
点323,NA,Point,"1276.033,-95.816,45.000,0.000,-0.000,1.000"
点324,NA,Point,"1340.579,-95.057,41.778,0.075,-0.001,0.997"
点325,NA,Point,"1476.995,-93.878,31.548,0.075,-0.001,0.997"
点326,NA,Point,"1538.954,-92.691,30.000,0.000,-0.000,1.000"
点327,NA,Point,"1808.749,-91.500,30.000,0.000,-0.000,1.000"
点328,NA,Point,"2088.407,-90.555,30.000,0.000,-0.000,1.000"
点329,NA,Point,"2325.822,-89.901,30.000,0.000,-0.000,1.000"
点330,NA,Point,"2604.207,-88.819,30.000,0.000,-0.000,1.000"
点331,NA,Point,"2878.788,-87.273,30.000,0.000,-0.000,1.000"
点332,NA,Point,"3184.918,-85.797,30.000,0.000,-0.000,1.000"
点333,NA,Point,"3588.284,-83.132,30.000,0.000,-0.000,1.000"
点334,NA,Point,"4067.352,-81.064,30.000,0.000,-0.000,1.000"
点335,NA,Point,"4538.486,-79.032,30.000,0.000,-0.000,1.000"
点336,NA,Point,"5027.253,-76.169,30.000,0.000,-0.000,1.000"
点337,NA,Point,"5532.938,-73.401,30.000,0.000,-0.000,1.000"
点338,NA,Point,"6074.459,-70.266,29.999,0.000,-0.000,1.000"
点339,NA,Point,"6711.458,-66.523,29.999,0.000,-0.000,1.000"
点340,NA,Point,"6729.385,-66.129,24.848,0.935,-0.011,0.354"
点341,NA,Point,"46.153,209.873,83.613,-0.561,0.075,0.825"
点342,NA,Point,"67.474,208.881,87.000,0.000,-0.000,1.000"
点343,NA,Point,"135.399,206.861,87.000,0.000,-0.000,1.000"
点344,NA,Point,"157.096,206.475,86.045,0.141,-0.018,0.990"
点345,NA,Point,"183.029,204.714,79.239,0.306,-0.040,0.951"
点346,NA,Point,"254.291,201.684,56.153,0.306,-0.040,0.951"
点347,NA,Point,"291.195,200.020,46.517,0.139,-0.018,0.990"
点348,NA,Point,"341.996,200.501,45.000,0.000,-0.000,1.000"
点349,NA,Point,"812.220,187.783,45.000,0.000,-0.000,1.000"
点350,NA,Point,"1277.032,174.968,45.000,0.000,-0.000,1.000"
点351,NA,Point,"1322.152,173.456,43.389,0.075,-0.001,0.997"
点352,NA,Point,"1477.350,167.986,31.745,0.075,-0.001,0.997"
点353,NA,Point,"1545.416,166.342,30.000,0.000,-0.000,1.000"
点354,NA,Point,"2281.800,150.108,30.000,0.000,-0.000,1.000"
点355,NA,Point,"3038.342,132.959,30.000,0.000,-0.000,1.000"
点356,NA,Point,"3648.115,118.057,30.000,0.000,-0.000,1.000"
点357,NA,Point,"4336.735,103.181,30.000,0.000,-0.000,1.000"
点358,NA,Point,"4993.933,87.522,30.000,0.000,-0.000,1.000"
点359,NA,Point,"5613.253,72.619,30.000,0.000,-0.000,1.000"
点360,NA,Point,"6150.527,59.724,30.000,0.000,-0.000,1.000"
点361,NA,Point,"6716.825,46.178,29.999,0.000,-0.000,1.000"
点362,NA,Point,"6730.530,45.497,25.157,0.923,-0.011,0.384"
特征点5,NA,Point,"6727.776,-65.482,12.827,0.000,0.000,1.000"
特征点6,NA,Point,"6721.781,-64.350,1.638,0.000,0.000,1.000"
特征点7,NA,Point,"6714.411,-63.623,-12.107,0.000,0.000,1.000"
特征点8,NA,Point,"6747.104,-41.524,1.213,0.000,0.000,1.000"
特征点9,NA,Point,"6747.367,-18.503,1.332,0.000,0.000,1.000"
特征点10,NA,Point,"6747.764,16.414,1.453,0.000,0.000,1.000"
特征点11,NA,Point,"6729.031,44.825,12.827,0.000,0.000,1.000"
特征点12,NA,Point,"6719.684,42.323,-4.530,0.000,0.000,1.000"
特征点13,NA,Point,"6713.906,41.636,-15.279,0.000,0.000,1.000"
特征点14,NA,Point,"6319.739,-64.598,-31.501,0.000,0.000,1.000"
特征点15,NA,Point,"6329.918,50.104,-31.501,0.000,0.000,1.000"
特征点16,NA,Point,"5520.013,-69.593,-31.500,0.000,0.000,1.000"
特征点17,NA,Point,"5514.086,69.317,-31.500,0.000,0.000,1.000"
特征点18,NA,Point,"4953.208,-73.054,-31.500,0.000,0.000,1.000"
特征点19,NA,Point,"4932.598,83.197,-31.500,0.000,0.000,1.000"
特征点20,NA,Point,"3828.015,-77.925,-31.500,0.000,0.000,1.000"
特征点21,NA,Point,"3807.111,109.661,-31.500,0.000,0.000,1.000"
特征点22,NA,Point,"2840.697,-82.308,-31.500,0.000,0.000,1.000"
特征点23,NA,Point,"2825.187,131.844,-31.500,0.000,0.000,1.000"
特征点24,NA,Point,"1868.248,-87.705,-31.500,0.000,0.000,1.000"
特征点25,NA,Point,"1902.225,152.150,-31.500,0.000,0.000,1.000"
特征点26,NA,Point,"680.692,-95.950,-31.500,0.000,0.000,1.000"
特征点27,NA,Point,"714.612,179.688,-31.500,0.000,0.000,1.000"
特征点28,NA,Point,"36.903,208.522,50.268,0.000,0.000,1.000"
特征点29,NA,Point,"36.641,206.516,32.797,0.000,0.000,1.000"
特征点30,NA,Point,"36.398,204.662,14.091,0.000,0.000,1.000"
特征点31,NA,Point,"32.672,176.183,0.844,0.000,0.000,1.000"
特征点32,NA,Point,"17.247,58.303,2.193,0.000,0.000,1.000"
特征点33,NA,Point,"1.872,-59.201,1.221,0.000,0.000,1.000"
特征点34,NA,Point,"-3.933,-103.570,59.466,0.000,0.000,1.000"
特征点35,NA,Point,"-3.527,-100.465,37.580,0.000,0.000,1.000"
特征点36,NA,Point,"-3.258,-98.412,13.291,0.000,0.000,1.000"
特征点37,NA,Point,"344.574,3.924,2.102,0.000,0.000,1.000"
特征点38,NA,Point,"306.555,48.826,1.869,0.000,0.000,1.000"
特征点39,NA,Point,"346.674,90.451,1.612,0.000,0.000,1.000"
特征点40,NA,Point,"393.514,46.385,1.766,0.000,0.000,1.000"
特征点41,NA,Point,"1491.352,-6.586,2.065,0.000,0.000,1.000"
特征点42,NA,Point,"1452.258,36.318,1.121,0.000,0.000,1.000"
特征点43,NA,Point,"1498.632,80.093,1.860,0.000,0.000,1.000"
特征点44,NA,Point,"1539.167,33.957,2.330,0.000,0.000,1.000"
特征点45,NA,Point,"2027.445,-8.816,1.090,0.000,0.000,1.000"
特征点46,NA,Point,"1994.606,36.947,1.859,0.000,0.000,1.000"
特征点47,NA,Point,"2028.196,72.630,1.402,0.000,0.000,1.000"
特征点48,NA,Point,"2077.209,29.281,1.485,0.000,0.000,1.000"
特征点49,NA,Point,"2565.535,-16.429,1.955,0.000,0.000,1.000"
特征点50,NA,Point,"2522.592,32.559,2.151,0.000,0.000,1.000"
特征点51,NA,Point,"2561.925,70.397,2.039,0.000,0.000,1.000"
特征点52,NA,Point,"2608.663,20.002,2.518,0.000,0.000,1.000"
特征点53,NA,Point,"2970.760,-18.064,1.884,0.000,0.000,1.000"
特征点54,NA,Point,"2928.702,23.271,1.636,0.000,0.000,1.000"
特征点55,NA,Point,"2970.056,64.928,1.521,0.000,0.000,1.000"
特征点56,NA,Point,"3011.077,16.276,1.289,0.000,0.000,1.000"
特征点57,NA,Point,"3375.440,-21.601,1.070,0.000,0.000,1.000"
特征点58,NA,Point,"3331.824,26.544,1.463,0.000,0.000,1.000"
特征点59,NA,Point,"3370.838,61.263,1.663,0.000,0.000,1.000"
特征点60,NA,Point,"3414.220,17.793,2.025,0.000,0.000,1.000"
特征点61,NA,Point,"3784.318,-24.372,1.192,0.000,0.000,1.000"
特征点62,NA,Point,"3745.648,20.435,0.858,0.000,0.000,1.000"
特征点63,NA,Point,"3786.975,56.579,2.075,0.000,0.000,1.000"
特征点64,NA,Point,"3826.411,15.663,1.748,0.000,0.000,1.000"
特征点65,NA,Point,"4320.903,-27.201,1.310,0.000,0.000,1.000"
特征点66,NA,Point,"4283.859,12.390,1.168,0.000,0.000,1.000"
特征点67,NA,Point,"4322.987,49.764,1.228,0.000,0.000,1.000"
特征点68,NA,Point,"4360.714,8.152,1.554,0.000,0.000,1.000"
特征点69,NA,Point,"4919.931,-20.086,0.770,0.000,0.000,1.000"
特征点70,NA,Point,"4895.007,7.633,1.066,0.000,0.000,1.000"
特征点71,NA,Point,"4920.967,31.882,0.302,0.000,0.000,1.000"
特征点72,NA,Point,"4946.855,3.807,1.049,0.000,0.000,1.000"
特征点73,NA,Point,"5634.444,-30.532,0.454,0.000,0.000,1.000"
特征点74,NA,Point,"5611.666,2.461,1.654,0.000,0.000,1.000"
特征点75,NA,Point,"5648.247,29.861,1.240,0.000,0.000,1.000"
特征点76,NA,Point,"5673.511,-0.252,1.146,0.000,0.000,1.000"
特征点77,NA,Point,"6309.951,-32.597,0.901,0.000,0.000,1.000"
特征点78,NA,Point,"6284.592,-6.972,1.070,0.000,0.000,1.000"
特征点79,NA,Point,"6310.255,19.382,1.278,0.000,0.000,1.000"
特征点80,NA,Point,"6336.571,-5.997,0.972,0.000,0.000,1.000"
